time,reference,position,measured_distance,error,velocity_control
0,-50,115,-94,0,0,
0.02,-50,115,-96,0,0,
0.04,-50,115,-93,0,0,
0.06,-50,115.01,-93,0,0,
0.08,-50,115.14,-93,0,0,
0.1,-50,115.32,-90,0,0,
0.12,-50,116.3,-94,0,0,
0.14,-50,117.03,-93,0,0,
0.16,-50,119.09,-91,0,0,
0.18,-50,120.37,-89,0,0,
0.2,-50,123.75,-87,0,0,
0.22,-50,125.26,-85,0,0,
0.24,-50,128.26,-84,0,0,
0.26,-50,130.19,-83,0,0,
0.28,-50,132.99,-77,0,0,
0.3,-50,134.33,-77,0,0,
0.32,-50,137.29,-74,0,0,
0.34,-50,138.49,-73,0,0,
0.36,-50,140.73,-71,0,0,
0.38,-50,141.79,-68,0,0,
0.4,-50,144.06,-68,0,0,
0.42,-50,144.95,-65,0,0,
0.44,-50,146.58,-64,0,0,
0.46,-50,147.57,-60,0,0,
0.48,-50,148.9,-61,0,0,
0.5,-50,149.5,-63,0,0,
0.52,-50,150.77,-61,0,0,
0.54,-50,151.25,-58,0,0,
0.56,-50,152.11,-58,0,0,
0.58,-50,152.49,-56,0,0,
0.6,-50,153.3,-54,0,0,
0.62,-50,153.61,-59,0,0,
0.64,-50,154.2,-55,0,0,
0.66,-50,154.48,-54,0,0,
0.68,-50,155.05,-55,0,0,
0.7,-50,155.27,-54,0,0,
0.72,-50,155.66,-51,0,0,
0.74,-50,155.89,-53,0,0,
0.76,-50,156.2,-51,0,0,
0.78,-50,156.34,-52,0,0,
0.8,-50,156.65,-52,0,0,
0.82,-50,156.76,-50,0,0,
0.84,-50,156.94,-51,0,0,
0.86,-50,157.02,-52,0,0,
0.88,-50,157.15,-52,0,0,
0.9,-50,157.2,-52,0,0,
0.92,-50,157.27,-50,0,0,
0.94,-50,157.3,-52,0,0,
0.96,-50,157.35,-51,0,0,
0.98,-50,157.38,-50,0,0,
1,-50,157.46,-51,0,0,
1.02,-50,157.5,-50,0,0,
1.04,-50,157.58,-54,0,0,
1.06,-50,157.62,-49,0,0,
1.08,-50,157.7,-50,0,0,
1.1,-50,157.73,-49,0,0,
1.12,-50,157.77,-48,0,0,
1.14,-50,157.8,-49,0,0,
1.16,-50,157.83,-50,0,0,
1.18,-50,157.84,-52,0,0,
1.2,-50,157.86,-53,0,0,
1.22,-50,157.85,-51,0,0,
1.24,-50,157.81,-49,0,0,
1.26,-50,157.78,-47,0,0,
1.28,-50,157.74,-51,0,0,
1.3,-50,157.73,-49,0,0,
1.32,-50,157.75,-51,0,0,
1.34,-50,157.78,-51,0,0,
1.36,-50,157.82,-53,0,0,
1.38,-50,157.82,-51,0,0,
1.4,-50,157.8,-51,0,0,
1.42,-50,157.78,-50,0,0,
1.44,-50,157.76,-50,0,0,
1.46,-50,157.76,-52,0,0,
1.48,-50,157.81,-51,0,0,
1.5,-50,157.85,-52,0,0,
1.52,-50,157.93,-49,0,0,
1.54,-50,157.98,-50,0,0,
1.56,-50,158.05,-50,0,0,
1.58,-50,158.08,-48,0,0,
1.6,-50,158.16,-48,0,0,
1.62,-50,158.19,-49,0,0,
1.64,-50,158.24,-51,0,0,
1.66,-50,158.25,-52,0,0,
1.68,-50,158.24,-53,0,0,
1.7,-50,158.22,-54,0,0,
1.72,-50,158.16,-55,0,0,
1.74,-50,158.12,-60,0,0,
1.76,-50,158.09,-62,0,0,
1.78,-50,158.09,-64,0,0,
1.8,-50,158.21,-70,0,0,
1.82,-50,158.3,-71,0,0,
1.84,-50,158.61,-71,0,0,
1.86,-50,158.82,-73,0,0,
1.88,-50,159.51,-78,0,0,
1.9,-50,159.89,-78,0,0,
1.92,-50,160.84,-81,0,0,
1.94,-50,161.61,-83,0,0,
1.96,-50,162.93,-82,0,0,
1.98,-50,163.67,-83,0,0,
2,-50,165.55,-85,0,0,
2.02,-50,166.42,-90,0,0,
2.04,-50,168.29,-89,0,0,
2.06,-50,169.28,-90,0,0,
2.08,-50,171.7,-93,0,0,
2.1,-50,172.78,-89,0,0,
2.12,-50,175.01,-93,0,0,
2.14,-50,176.56,-93,0,0,
2.16,-50,178.98,-92,0,0,
2.18,-50,180.23,-95,0,0,
2.2,-50,183.22,-95,0,0,
2.22,-50,184.53,-95,0,0,
2.24,-50,187.18,-97,0,0,
2.26,-50,188.52,-98,0,0,
2.28,-50,191.69,-97,0,0,
2.3,-50,193.07,-99,0,0,
2.32,-50,195.86,-99,0,0,
2.34,-50,197.76,-101,0,0,
2.36,-50,200.64,-100,0,0,
2.38,-50,202.11,-100,0,0,
2.4,-50,205.59,-101,0,0,
2.42,-50,207.08,-101,0,0,
2.44,-50,209.95,-98,0,0,
2.46,-50,211.26,-99,0,0,
2.48,-50,213.72,-97,0,0,
2.5,-50,214.46,-98,0,0,
2.52,-50,215.37,-99,0,0,
2.54,-50,215.65,-97,0,0,
2.56,-50,215.78,-96,0,0,
2.58,-50,215.79,-94,0,0,
2.6,-50,215.79,-96,0,0,
2.62,-50,215.79,-100,0,0,
2.64,-50,215.79,-96,0,0,
2.66,-50,215.79,-97,0,0,
2.68,-50,215.79,-95,0,0,
2.7,-50,215.79,-96,0,0,
2.72,-50,215.79,-99,0,0,
2.74,-50,215.79,-96,0,0,
2.76,-50,215.79,-96,0,0,
2.78,-50,215.79,-98,0,0,
2.8,-50,215.79,-94,0,0,
2.82,-50,215.79,-94,0,0,
2.84,-50,215.79,-95,0,0,
2.86,-50,215.79,-98,0,0,
2.88,-50,215.79,-97,0,0,
2.9,-50,215.79,-96,0,0,
2.92,-50,215.79,-96,0,0,
2.94,-50,215.79,-96,0,0,
2.96,-50,215.79,-96,0,0,
2.98,-50,215.79,-95,0,0,
3,-50,215.79,-95,0,0,
3.02,-50,215.79,-93,0,0,
3.04,-50,215.79,-90,0,0,
3.06,-50,215.79,-89,0,0,
3.08,-50,215.79,-87,0,0,
3.1,-50,215.79,-82,0,0,
3.12,-50,215.79,-81,0,0,
3.14,-50,215.79,-76,0,0,
3.16,-50,215.79,-75,0,0,
3.18,-50,215.79,-72,0,0,
3.2,-50,215.79,-69,0,0,
3.22,-50,215.79,-67,0,0,
3.24,-50,215.79,-66,0,0,
3.26,-50,215.79,-64,0,0,
3.28,-50,215.79,-63,0,0,
3.3,-50,215.79,-59,0,0,
3.32,-50,215.79,-57,0,0,
3.34,-50,215.79,-54,0,0,
3.36,-50,215.79,-51,0,0,
3.38,-50,215.79,-50,0,0,
3.4,-50,215.79,-50,0,0,
3.42,-50,215.79,-47,0,0,
3.44,-50,215.79,-47,0,0,
3.46,-50,215.77,-43,0,0,
3.48,-50,215.75,-43,0,0,
3.5,-50,215.72,-41,0,0,
3.52,-50,215.61,-39,0,0,
3.54,-50,215.53,-38,0,0,
3.56,-50,215.39,-37,0,0,
3.58,-50,215.09,-36,0,0,
3.6,-50,214.89,-37,0,0,
3.62,-50,214.67,-37,0,0,
3.64,-50,214.01,-34,0,0,
3.66,-50,213.68,-36,0,0,
3.68,-50,213.32,-34,0,0,
3.7,-50,212.37,-32,0,0,
3.72,-50,211.94,-33,0,0,
3.74,-50,211.5,-33,0,0,
3.76,-50,210.58,-32,0,0,
3.78,-50,209.95,-29,0,0,
3.8,-50,209.46,-29,0,0,
3.82,-50,208.47,-30,0,0,
3.84,-50,207.95,-27,0,0,
3.86,-50,207.24,-26,0,0,
3.88,-50,206.13,-28,0,0,
3.9,-50,205.55,-25,0,0,
3.92,-50,204.95,-26,0,0,
3.94,-50,203.47,-25,0,0,
3.96,-50,202.8,-25,0,0,
3.98,-50,202.12,-25,0,0,
4,-50,200.45,-25,0,0,
4.02,-50,199.71,-24,0,0,
4.04,-50,198.95,-24,0,0,
4.06,-50,197.42,-25,0,0,
4.08,-50,196.38,-27,0,0,
4.1,-50,195.6,-23,0,0,
4.12,-50,194.01,-24,0,0,
4.14,-50,193.21,-25,0,0,
4.16,-50,192.15,-23,0,0,
4.18,-50,190.54,-27,0,0,
4.2,-50,189.74,-25,0,0,
4.22,-50,188.94,-25,0,0,
4.24,-50,187.08,-26,0,0,
4.26,-50,186.28,-26,0,0,
4.28,-50,185.48,-27,0,0,
4.3,-50,183.62,-28,0,0,
4.32,-50,182.82,-27,0,0,
4.34,-50,182.04,-27,0,0,
4.36,-50,180.49,-27,0,0,
4.38,-50,179.48,-28,0,0,
4.4,-50,178.73,-29,0,0,
4.42,-50,177.26,-25,0,0,
4.44,-50,176.54,-27,0,0,
4.46,-50,175.59,-23,0,0,
4.48,-50,174.18,-28,0,0,
4.5,-50,173.49,-25,0,0,
4.52,-50,172.79,-26,0,0,
4.54,-50,171.15,-23,0,0,
4.56,-50,170.44,-24,0,0,
4.58,-50,169.72,-24,0,0,
4.6,-50,167.99,-23,0,0,
4.62,-50,167.23,-22,0,0,
4.64,-50,166.47,-21,0,0,
4.66,-50,164.91,-22,0,0,
4.68,-50,163.86,-21,0,0,
4.7,-50,163.06,-21,0,0,
4.72,-50,161.42,-20,0,0,
4.74,-50,160.59,-21,0,0,
4.76,-50,159.45,-19,0,0,
4.78,-50,157.7,-17,0,0,
4.8,-50,156.81,-20,0,0,
4.82,-50,155.92,-18,0,0,
4.84,-50,153.79,-15,0,0,
4.86,-50,152.86,-19,0,0,
4.88,-50,151.93,-16,0,0,
4.9,-50,149.71,-16,0,0,
4.92,-50,148.74,-15,0,0,
4.94,-50,147.76,-13,0,0,
4.96,-50,145.77,-13,0,0,
4.98,-50,144.41,-14,0,0,
5,-50,143.39,-15,0,0,
5.02,-50,141.29,-14,0,0,
5.04,-50,140.23,-14,0,0,
5.06,-50,138.78,-14,0,0,
5.08,-50,136.57,-14,0,0,
5.1,-50,135.44,-15,0,0,
5.12,-50,134.31,-13,0,0,
5.14,-50,131.66,-13,0,0,
5.16,-50,130.53,-12,0,0,
5.18,-50,129.39,-12,0,0,
5.2,-50,126.76,-13,0,0,
5.22,-50,125.64,-13,0,0,
5.24,-50,124.51,-13,0,0,
5.26,-50,122.24,-13,0,0,
5.28,-50,120.71,-12,0,0,
5.3,-50,119.56,-13,0,0,
5.32,-50,117.23,-13,0,0,
5.34,-50,116.06,-12,0,0,
5.36,-50,114.5,-12,0,0,
5.38,-50,112.16,-13,0,0,
5.4,-50,111,-13,0,0,
5.42,-50,109.84,-12,0,0,
5.44,-50,107.12,-12,0,0,
5.46,-50,105.96,-11,0,0,
5.48,-50,104.79,-10,0,0,
5.5,-50,102.06,-11,0,0,
5.52,-50,100.89,-11,0,0,
5.54,-50,99.717,-11,0,0,
5.56,-50,97.36,-12,0,0,
5.58,-50,95.775,-11,0,0,
5.6,-50,94.578,-10,0,0,
5.62,-50,92.161,-10,0,0,
5.64,-50,90.943,-10,0,0,
5.66,-50,89.314,-10,0,0,
5.68,-50,86.868,-10,0,0,
5.7,-50,85.644,-8,0,0,
5.72,-50,84.421,-9,0,0,
5.74,-50,81.559,-10,0,0,
5.76,-50,80.325,-10,0,0,
5.78,-50,79.085,-10,0,0,
5.8,-50,76.167,-10,0,0,
5.82,-50,74.907,-11,0,0,
5.84,-50,73.641,-15,0,0,
5.86,-50,71.102,-17,0,0,
5.88,-50,69.411,-17,0,0,
5.9,-50,68.147,-20,0,0,
5.92,-50,65.648,-22,0,0,
5.94,-50,64.421,-23,0,0,
5.96,-50,62.82,-26,0,0,
5.98,-50,60.52,-28,0,0,
6,-50,59.426,-29,0,0,
6.02,-50,58.373,-33,0,0,
6.04,-50,56.094,-32,0,0,
6.06,-50,55.195,-33,0,0,
6.08,-50,54.343,-34,0,0,
6.1,-50,52.538,-34,0,0,
6.12,-50,51.841,-36,0,0,
6.14,-50,51.189,-37,0,0,
6.16,-50,50.006,-37,0,0,
6.18,-50,49.293,-41,0,0,
6.2,-50,48.789,-42,0,0,
6.22,-50,47.844,-41,0,0,
6.24,-50,47.397,-47,0,0,
6.26,-50,46.421,-49,0,0,
6.28,-50,46.037,-55,0,0,
6.3,-50,45.346,-61,0,0,
6.32,-50,44.954,-70,0,0,
6.34,-50,44.494,-75,0,0,
6.36,-50,44.333,-86,0,0,
6.38,-50,44.191,-93,0,0,
6.4,-50,44.264,-104,0,0,
6.42,-50,44.705,-108,0,0,
6.44,-50,45.107,-119,0,0,
6.46,-50,46.604,-124,0,0,
6.48,-50,47.512,-128,0,0,
6.5,-50,49.842,-133,0,0,
6.52,-50,51.27,-135,0,0,
6.54,-50,55.271,-138,0,0,
6.56,-50,57.257,-136,0,0,
6.58,-50,61.667,-134,0,0,
6.6,-50,64.89,-130,0,0,
6.62,-50,70.059,-129,0,0,
6.64,-50,72.76,-125,0,0,
6.66,-50,79.239,-121,0,0,
6.68,-50,82.046,-117,0,0,
6.7,-50,87.618,-110,0,0,
6.72,-50,90.349,-109,0,0,
6.74,-50,96.488,-104,0,0,
6.76,-50,98.997,-96,0,0,
6.78,-50,103.76,-95,0,0,
6.8,-50,106.73,-88,0,0,
6.82,-50,110.87,-87,0,0,
6.84,-50,112.79,-83,0,0,
6.86,-50,116.88,-83,0,0,
6.88,-50,118.46,-80,0,0,
6.9,-50,121.34,-77,0,0,
6.92,-50,122.64,-75,0,0,
6.94,-50,125.36,-72,0,0,
6.96,-50,126.41,-71,0,0,
6.98,-50,128.35,-67,0,0,
7,-50,129.54,-70,0,0,
7.02,-50,131.19,-67,0,0,
7.04,-50,131.96,-65,0,0,
7.06,-50,133.59,-64,0,0,
7.08,-50,134.23,-62,0,0,
7.1,-50,135.41,-61,0,0,
7.12,-50,135.95,-61,0,0,
7.14,-50,137.12,-62,0,0,
7.16,-50,137.59,-61,0,0,
7.18,-50,138.45,-59,0,0,
7.2,-50,138.97,-60,0,0,
7.22,-50,139.68,-56,0,0,
7.24,-50,140.02,-57,0,0,
7.26,-50,140.75,-55,0,0,
7.28,-50,141.05,-57,0,0,
7.3,-50,141.63,-54,0,0,
7.32,-50,141.91,-54,0,0,
7.34,-50,142.5,-54,0,0,
7.36,-50,142.72,-56,0,0,
7.38,-50,143.12,-55,0,0,
7.4,-50,143.36,-52,0,0,
7.42,-50,143.66,-52,0,0,
7.44,-50,143.8,-53,0,0,
7.46,-50,144.1,-52,0,0,
7.48,-50,144.22,-52,0,0,
7.5,-50,144.46,-51,0,0,
7.52,-50,144.57,-49,0,0,
7.54,-50,144.79,-49,0,0,
7.56,-50,144.87,-45,0,0,
7.58,-50,144.94,-40,0,0,
7.6,-50,145.07,-36,0,0,
7.62,-50,145.11,-32,0,0,
7.64,-50,145.13,-27,0,0,
7.66,-50,145.09,-22,0,0,
7.68,-50,144.99,-17,0,0,
7.7,-50,144.86,-8,0,0,
7.72,-50,144.39,-3,0,0,
7.74,-50,144.03,-4,0,0,
7.76,-50,143.41,-3,0,0,
7.78,-50,142.11,-2,0,0,
7.8,-50,141.29,-4,0,0,
7.82,-50,140.34,-3,0,0,
7.84,-50,137.67,-4,0,0,
7.86,-50,136.35,-4,0,0,
7.88,-50,134.94,-7,0,0,
7.9,-50,131.41,-9,0,0,
7.92,-50,129.85,-11,0,0,
7.94,-50,128.28,-14,0,0,
7.96,-50,125.17,-17,0,0,
7.98,-50,123.15,-20,0,0,
8,-50,121.67,-23,0,0,
8.02,-50,118.83,-23,0,0,
8.04,-50,117.48,-28,0,0,
8.06,-50,115.76,-31,0,0,
8.08,-50,113.39,-31,0,0,
8.1,-50,112.31,-33,0,0,
8.12,-50,111.29,-33,0,0,
8.14,-50,109.17,-33,0,0,
8.16,-50,108.37,-36,0,0,
8.18,-50,107.64,-37,0,0,
8.2,-50,106.13,-36,0,0,
8.22,-50,105.56,-40,0,0,
8.24,-50,105.02,-40,0,0,
8.26,-50,104.04,-39,0,0,
8.28,-50,103.44,-42,0,0,
8.3,-50,103.01,-42,0,0,
8.32,-50,102.22,-41,0,0,
8.34,-50,101.84,-43,0,0,
8.36,-50,101.38,-44,0,0,
8.38,-50,100.75,-45,0,0,
8.4,-50,100.46,-43,0,0,
8.42,-50,100.19,-42,0,0,
8.44,-50,99.607,-43,0,0,
8.46,-50,99.381,-43,0,0,
8.48,-50,99.165,-46,0,0,
8.5,-50,98.694,-46,0,0,
8.52,-50,98.502,-46,0,0,
8.54,-50,98.312,-46,0,0,
8.56,-50,97.932,-46,0,0,
8.58,-50,97.681,-45,0,0,
8.6,-50,97.497,-47,0,0,
8.62,-50,97.154,-47,0,0,
8.64,-50,96.999,-46,0,0,
8.66,-50,96.81,-47,0,0,
8.68,-50,96.559,-47,0,0,
8.7,-50,96.444,-50,0,0,
8.72,-50,96.189,-49,0,0,
8.74,-50,96.084,-48,0,0,
8.76,-50,95.883,-50,0,0,
8.78,-50,95.79,-52,0,0,
8.8,-50,95.605,-55,0,0,
8.82,-50,95.542,-62,0,0,
8.84,-50,95.45,-69,0,0,
8.86,-50,95.417,-81,0,0,
8.88,-50,95.427,-94,0,0,
8.9,-50,95.475,-107,0,0,
8.92,-50,95.785,-119,0,0,
8.94,-50,96.049,-130,0,0,
8.96,-50,96.941,-132,0,0,
8.98,-50,97.622,-138,0,0,
9,-50,99.994,-140,0,0,
9.02,-50,101.39,-142,0,0,
9.04,-50,104.92,-139,0,0,
9.06,-50,107.79,-137,0,0,
9.08,-50,112.76,-136,0,0,
9.1,-50,115.48,-128,0,0,
9.12,-50,122.24,-124,0,0,
9.14,-50,125.23,-117,0,0,
9.16,-50,131.23,-119,0,0,
9.18,-50,134.19,-111,0,0,
9.2,-50,140.86,-107,0,0,
9.22,-50,143.58,-102,0,0,
9.24,-50,148.72,-97,0,0,
9.26,-50,151.89,-93,0,0,
9.28,-50,156.29,-89,0,0,
9.3,-50,158.33,-86,0,0,
9.32,-50,162.69,-83,0,0,
9.34,-50,164.39,-81,0,0,
9.36,-50,167.51,-78,0,0,
9.38,-50,168.93,-78,0,0,
9.4,-50,171.91,-75,0,0,
9.42,-50,173.05,-72,0,0,
9.44,-50,175.14,-69,0,0,
9.46,-50,176.41,-70,0,0,
9.48,-50,178.15,-66,0,0,
9.5,-50,178.96,-66,0,0,
9.52,-50,180.7,-66,0,0,
9.54,-50,181.38,-63,0,0,
9.56,-50,182.65,-63,0,0,
9.58,-50,183.23,-61,0,0,
9.6,-50,184.46,-60,0,0,
9.62,-50,184.95,-59,0,0,
9.64,-50,185.84,-63,0,0,
9.66,-50,186.39,-61,0,0,
9.68,-50,187.14,-58,0,0,
9.7,-50,187.49,-58,0,0,
9.72,-50,188.24,-56,0,0,
9.74,-50,188.55,-56,0,0,
9.76,-50,189.13,-55,0,0,
9.78,-50,189.42,-54,0,0,
9.8,-50,190.07,-56,0,0,
9.82,-50,190.33,-56,0,0,
9.84,-50,190.8,-54,0,0,
9.86,-50,191.07,-54,0,0,
9.88,-50,191.41,-49,0,0,
9.9,-50,191.56,-54,0,0,
9.92,-50,191.88,-54,0,0,
9.94,-50,192.02,-52,0,0,
9.96,-50,192.27,-53,0,0,
9.98,-50,192.38,-52,0,0,
10,-50,192.62,-51,0,0,
10.02,-50,192.71,-51,0,0,
10.04,-50,192.86,-51,0,0,
10.06,-50,192.95,-52,0,0,
10.08,-50,193.08,-50,0,0,
10.1,-50,193.15,-53,0,0,
10.12,-50,193.27,-51,0,0,
10.14,-50,193.32,-50,0,0,
10.16,-50,193.39,-53,0,0,
10.18,-50,193.43,-50,0,0,
10.2,-50,193.51,-49,0,0,
10.22,-50,193.54,-46,0,0,
10.24,-50,193.58,-47,0,0,
10.26,-50,193.67,-45,0,0,
10.28,-50,193.7,-42,0,0,
10.3,-50,193.73,-43,0,0,
10.32,-50,193.74,-39,0,0,
10.34,-50,193.72,-39,0,0,
10.36,-50,193.67,-37,0,0,
10.38,-50,193.49,-36,0,0,
10.4,-50,193.36,-33,0,0,
10.42,-50,193.12,-32,0,0,
10.44,-50,192.65,-30,0,0,
10.46,-50,192.36,-27,0,0,
10.48,-50,192.03,-25,0,0,
10.5,-50,191.13,-25,0,0,
10.52,-50,190.67,-23,0,0,
10.54,-50,190.18,-23,0,0,
10.56,-50,188.88,-20,0,0,
10.58,-50,188.24,-20,0,0,
10.6,-50,187.57,-20,0,0,
10.62,-50,186.1,-18,0,0,
10.64,-50,185.03,-20,0,0,
10.66,-50,184.2,-17,0,0,
10.68,-50,182.45,-16,0,0,
10.7,-50,181.53,-15,0,0,
10.72,-50,180.29,-14,0,0,
10.74,-50,178.36,-14,0,0,
10.76,-50,177.37,-14,0,0,
10.78,-50,176.37,-12,0,0,
10.8,-50,173.97,-11,0,0,
10.82,-50,172.92,-9,0,0,
10.84,-50,171.85,-7,0,0,
10.86,-50,169.27,-5,0,0,
10.88,-50,168.13,-6,0,0,
10.9,-50,166.98,-3,0,0,
10.92,-50,164.61,-5,0,0,
10.94,-50,162.98,-4,0,0,
10.96,-50,161.72,-4,0,0,
10.98,-50,159.12,-4,0,0,
11,-50,157.77,-5,0,0,
11.02,-50,155.92,-2,0,0,
11.04,-50,153.08,-2,0,0,
11.06,-50,151.64,-4,0,0,
11.08,-50,150.18,-4,0,0,
11.1,-50,146.78,-4,0,0,
11.12,-50,145.32,-3,0,0,
11.14,-50,143.86,-3,0,0,
11.16,-50,140.45,-4,0,0,
11.18,-50,138.98,-4,0,0,
11.2,-50,137.52,-4,0,0,
11.22,-50,134.6,-4,0,0,
11.24,-50,132.66,-3,0,0,
11.26,-50,131.2,-3,0,0,
11.28,-50,128.3,-4,0,0,
11.3,-50,126.85,-3,0,0,
11.32,-50,124.93,-3,0,0,
11.34,-50,122.04,-3,0,0,
11.36,-50,120.6,-4,0,0,
11.38,-50,119.15,-2,0,0,
11.4,-50,115.78,-4,0,0,
11.42,-50,114.33,-2,0,0,
11.44,-50,112.87,-5,0,0,
11.46,-50,109.47,-4,0,0,
11.48,-50,108.01,-4,0,0,
11.5,-50,106.55,-5,0,0,
11.52,-50,103.62,-4,0,0,
11.54,-50,101.68,-8,0,0,
11.56,-50,100.22,-8,0,0,
11.58,-50,97.327,-8,0,0,
11.6,-50,95.891,-10,0,0,
11.62,-50,93.989,-10,0,0,
11.64,-50,91.173,-10,0,0,
11.66,-50,89.785,-11,0,0,
11.68,-50,88.413,-12,0,0,
11.7,-50,85.29,-13,0,0,
11.72,-50,83.986,-12,0,0,
11.74,-50,82.704,-13,0,0,
11.76,-50,79.786,-12,0,0,
11.78,-50,78.563,-13,0,0,
11.8,-50,77.354,-14,0,0,
11.82,-50,74.974,-12,0,0,
11.84,-50,73.411,-15,0,0,
11.86,-50,72.249,-14,0,0,
11.88,-50,69.945,-13,0,0,
11.9,-50,68.8,-13,0,0,
11.92,-50,67.279,-14,0,0,
11.94,-50,65.008,-12,0,0,
11.96,-50,63.877,-12,0,0,
11.98,-50,62.747,-13,0,0,
12,-50,60.12,-12,0,0,
12.02,-50,58.993,-10,0,0,
12.04,-50,57.864,-10,0,0,
12.06,-50,55.212,-12,0,0,
12.08,-50,54.065,-9,0,0,
12.1,-50,52.91,-10,0,0,
12.12,-50,50.571,-10,0,0,
12.14,-50,48.989,-10,0,0,
12.16,-50,47.79,-8,0,0,
12.18,-50,45.356,-11,0,0,
12.2,-50,44.124,-10,0,0,
12.22,-50,42.469,-11,0,0,
12.24,-50,39.965,-12,0,0,
12.26,-50,38.705,-13,0,0,
12.28,-50,37.443,-14,0,0,
12.3,-50,34.496,-15,0,0,
12.32,-50,33.238,-16,0,0,
12.34,-50,31.987,-15,0,0,
12.36,-50,29.523,-18,0,0,
12.38,-50,27.917,-19,0,0,
12.4,-50,26.736,-20,0,0,
12.42,-50,24.453,-18,0,0,
12.44,-50,23.372,-20,0,0,
12.46,-50,22.036,-19,0,0,
12.48,-50,20.357,-19,0,0,
12.5,-50,19.706,-20,0,0,
12.52,-50,19.198,-18,0,0,
12.54,-50,18.513,-18,0,0,
12.56,-50,18.382,-16,0,0,
12.58,-50,18.315,-14,0,0,
12.6,-50,18.279,-14,0,0,
12.62,-50,18.279,-14,0,0,
12.64,-50,18.279,-14,0,0,
12.66,-50,18.279,-14,0,0,
12.68,-50,18.279,-13,0,0,
12.7,-50,18.279,-13,0,0,
12.72,-50,18.279,-14,0,0,
12.74,-50,18.279,-12,0,0,
12.76,-50,18.279,-12,0,0,
12.78,-50,18.279,-13,0,0,
12.8,-50,18.279,-12,0,0,
12.82,-50,18.279,-13,0,0,
12.84,-50,18.279,-13,0,0,
12.86,-50,18.279,-13,0,0,
12.88,-50,18.279,-19,0,0,
12.9,-50,18.279,-23,0,0,
12.92,-50,18.279,-31,0,0,
12.94,-50,18.279,-39,0,0,
12.96,-50,18.279,-49,0,0,
12.98,-50,18.279,-69,0,0,
13,-50,18.279,-82,0,0,
13.02,-50,18.281,-104,0,0,
13.04,-50,18.322,-122,0,0,
13.06,-50,18.389,-142,0,0,
13.08,-50,18.761,-154,0,0,
13.1,-50,19.146,-169,0,0,
13.12,-50,20.89,-173,0,0,
13.14,-50,22.113,-180,0,0,
13.16,-50,25.594,-179,0,0,
13.18,-50,28.728,-179,0,0,
13.2,-50,34.617,-177,0,0,
13.22,-50,38.04,-169,0,0,
13.24,-50,46.992,-159,0,0,
13.26,-50,51.129,-150,0,0,
13.28,-50,59.686,-145,0,0,
13.3,-50,64.014,-137,0,0,
13.32,-50,73.964,-133,0,0,
13.34,-50,78.08,-129,0,0,
13.36,-50,85.886,-127,0,0,
13.38,-50,90.711,-115,0,0,
13.4,-50,97.324,-109,0,0,
13.42,-50,100.36,-101,0,0,
13.44,-50,106.8,-97,0,0,
13.46,-50,109.32,-94,0,0,
13.48,-50,113.99,-94,0,0,
13.5,-50,116.15,-86,0,0,
13.52,-50,120.7,-86,0,0,
13.54,-50,122.45,-82,0,0,
13.56,-50,125.58,-78,0,0,
13.58,-50,127.43,-76,0,0,
13.6,-50,129.92,-74,0,0,
13.62,-50,131.06,-74,0,0,
13.64,-50,133.48,-73,0,0,
13.66,-50,134.44,-71,0,0,
13.68,-50,136.19,-70,0,0,
13.7,-50,137,-66,0,0,
13.72,-50,138.74,-67,0,0,
13.74,-50,139.43,-65,0,0,
13.76,-50,140.73,-63,0,0,
13.78,-50,141.54,-64,0,0,
13.8,-50,142.69,-63,0,0,
13.82,-50,143.24,-62,0,0,
13.84,-50,144.4,-60,0,0,
13.86,-50,144.86,-60,0,0,
13.88,-50,145.72,-59,0,0,
13.9,-50,146.12,-58,0,0,
13.92,-50,147,-57,0,0,
13.94,-50,147.36,-56,0,0,
13.96,-50,148.03,-57,0,0,
13.98,-50,148.44,-58,0,0,
14,-50,149,-54,0,0,
14.02,-50,149.26,-53,0,0,
14.04,-50,149.79,-53,0,0,
14.06,-50,150,-55,0,0,
14.08,-50,150.39,-57,0,0,
14.1,-50,150.57,-55,0,0,
14.12,-50,150.95,-61,0,0,
14.14,-50,151.09,-63,0,0,
14.16,-50,151.35,-66,0,0,
14.18,-50,151.51,-70,0,0,
14.2,-50,151.79,-74,0,0,
14.22,-50,151.96,-75,0,0,
14.24,-50,152.49,-81,0,0,
14.26,-50,152.8,-84,0,0,
14.28,-50,153.6,-85,0,0,
14.3,-50,154.1,-89,0,0,
14.32,-50,155.56,-90,0,0,
14.34,-50,156.3,-94,0,0,
14.36,-50,158.01,-96,0,0,
14.38,-50,159.3,-100,0,0,
14.4,-50,161.47,-98,0,0,
14.42,-50,162.64,-103,0,0,
14.44,-50,165.6,-104,0,0,
14.46,-50,166.95,-107,0,0,
14.48,-50,169.81,-107,0,0,
14.5,-50,171.3,-110,0,0,
14.52,-50,174.95,-110,0,0,
14.54,-50,176.58,-115,0,0,
14.56,-50,179.96,-116,0,0,
14.58,-50,182.29,-118,0,0,
14.6,-50,185.9,-121,0,0,
14.62,-50,187.76,-119,0,0,
14.64,-50,192.23,-124,0,0,
14.66,-50,194.2,-123,0,0,
14.68,-50,198.27,-122,0,0,
14.7,-50,200.36,-125,0,0,
14.72,-50,205.37,-123,0,0,
14.74,-50,207.57,-122,0,0,
14.76,-50,211.93,-121,0,0,
14.78,-50,214.67,-119,0,0,
14.8,-50,218.2,-117,0,0,
14.82,-50,219.58,-117,0,0,
14.84,-50,221.66,-114,0,0,
14.86,-50,222.13,-116,0,0,
14.88,-50,222.55,-116,0,0,
14.9,-50,222.6,-117,0,0,
14.92,-50,222.62,-119,0,0,
14.94,-50,222.62,-118,0,0,
14.96,-50,222.62,-118,0,0,
14.98,-50,222.62,-119,0,0,
15,-50,222.62,-116,0,0,
15.02,-50,222.62,-119,0,0,
15.04,-50,222.62,-120,0,0,
15.06,-50,222.62,-118,0,0,
15.08,-50,222.62,-119,0,0,
15.1,-50,222.62,-115,0,0,
15.12,-50,222.62,-116,0,0,
15.14,-50,222.62,-118,0,0,
15.16,-50,222.62,-117,0,0,
15.18,-50,222.62,-119,0,0,
15.2,-50,222.62,-117,0,0,
15.22,-50,222.62,-117,0,0,
15.24,-50,222.62,-120,0,0,
15.26,-50,222.62,-116,0,0,
15.28,-50,222.62,-117,0,0,
15.3,-50,222.62,-119,0,0,
15.32,-50,222.62,-117,0,0,
15.34,-50,222.62,-116,0,0,
15.36,-50,222.62,-118,0,0,
15.38,-50,222.62,-119,0,0,
15.4,-50,222.62,-118,0,0,
15.42,-50,222.62,-118,0,0,
15.44,-50,222.62,-115,0,0,
15.46,-50,222.62,-118,0,0,
15.48,-50,222.62,-117,0,0,
15.5,-50,222.62,-115,0,0,
15.52,-50,222.62,-117,0,0,
15.54,-50,222.62,-118,0,0,
15.56,-50,222.62,-116,0,0,
15.58,-50,222.62,-114,0,0,
15.6,-50,222.62,-114,0,0,
15.62,-50,222.62,-112,0,0,
15.64,-50,222.62,-113,0,0,
15.66,-50,222.62,-113,0,0,
15.68,-50,222.62,-113,0,0,
15.7,-50,222.62,-112,0,0,
15.72,-50,222.62,-108,0,0,
15.74,-50,222.62,-107,0,0,
15.76,-50,222.62,-109,0,0,
15.78,-50,222.62,-109,0,0,
15.8,-50,222.62,-110,0,0,
15.82,-50,222.62,-111,0,0,
15.84,-50,222.62,-114,0,0,
15.86,-50,222.62,-115,0,0,
15.88,-50,222.62,-119,0,0,
15.9,-50,222.62,-122,0,0,
15.92,-50,222.62,-126,0,0,
15.94,-50,222.62,-130,0,0,
15.96,-50,222.62,-136,0,0,
15.98,-50,222.62,-140,0,0,
16,-50,222.62,-146,0,0,
16.02,-50,222.62,-152,0,0,
16.04,-50,222.62,-156,0,0,
16.06,-50,222.62,-163,0,0,
16.08,-50,222.62,-166,0,0,
16.1,-50,222.62,-172,0,0,
16.12,-50,222.62,-176,0,0,
16.14,-50,222.62,-183,0,0,
16.16,-50,222.62,-182,0,0,
16.18,-50,222.62,-186,0,0,
16.2,-50,222.62,-255,0,0,
16.22,-50,222.62,-255,0,0,
16.24,-50,222.62,-255,0,0,
16.26,-50,222.62,-255,0,0,
16.28,-50,222.62,-255,0,0,
16.3,-50,222.62,-255,0,0,
16.32,-50,222.62,-255,0,0,
16.34,-50,222.62,-255,0,0,
16.36,-50,222.62,-255,0,0,
16.38,-50,222.62,-255,0,0,
16.4,-50,222.62,-255,0,0,
16.42,-50,222.62,-255,0,0,
16.44,-50,222.62,-255,0,0,
16.46,-50,222.62,-255,0,0,
16.48,-50,222.62,-255,0,0,
16.5,-50,222.62,-255,0,0,
16.52,-50,222.62,-255,0,0,
16.54,-50,222.62,-255,0,0,
16.56,-50,222.62,-255,0,0,
16.58,-50,222.62,-255,0,0,
16.6,-50,222.62,-255,0,0,
16.62,-50,222.62,-255,0,0,
16.64,-50,222.62,-255,0,0,
16.66,-50,222.62,-255,0,0,
16.68,-50,222.62,-255,0,0,
16.7,-50,222.62,-255,0,0,
16.72,-50,222.62,-255,0,0,
16.74,-50,222.62,-255,0,0,
16.76,-50,222.62,-255,0,0,
16.78,-50,222.62,-255,0,0,
16.8,-50,222.62,-255,0,0,
16.82,-50,222.62,-255,0,0,
16.84,-50,222.62,-255,0,0,
16.86,-50,222.62,-255,0,0,
16.88,-50,222.62,-255,0,0,
16.9,-50,222.62,-255,0,0,
16.92,-50,222.62,-255,0,0,
16.94,-50,222.62,-255,0,0,
16.96,-50,222.62,-255,0,0,
16.98,-50,222.62,-255,0,0,
17,-50,222.62,-255,0,0,
17.02,-50,222.62,-255,0,0,
17.04,-50,222.62,-255,0,0,
17.06,-50,222.62,-255,0,0,
17.08,-50,222.62,-255,0,0,
17.1,-50,222.62,-255,0,0,
17.12,-50,222.62,-255,0,0,
17.14,-50,222.62,-255,0,0,
17.16,-50,222.62,-255,0,0,
17.18,-50,222.62,-255,0,0,
17.2,-50,222.62,-187,0,0,
17.22,-50,222.62,-187,0,0,
17.24,-50,222.62,-181,0,0,
17.26,-50,222.62,-179,0,0,
17.28,-50,222.62,-175,0,0,
17.3,-50,222.62,-174,0,0,
17.32,-50,222.62,-171,0,0,
17.34,-50,222.62,-169,0,0,
17.36,-50,222.62,-166,0,0,
17.38,-50,222.62,-163,0,0,
17.4,-50,222.62,-164,0,0,
17.42,-50,222.62,-157,0,0,
17.44,-50,222.62,-156,0,0,
17.46,-50,222.62,-151,0,0,
17.48,-50,222.62,-147,0,0,
17.5,-50,222.62,-142,0,0,
17.52,-50,222.62,-142,0,0,
17.54,-50,222.62,-138,0,0,
17.56,-50,222.62,-134,0,0,
17.58,-50,222.62,-132,0,0,
17.6,-50,222.62,-126,0,0,
17.62,-50,222.62,-125,0,0,
17.64,-50,222.62,-122,0,0,
17.66,-50,222.62,-123,0,0,
17.68,-50,222.62,-116,0,0,
17.7,-50,222.62,-115,0,0,
17.72,-50,222.62,-111,0,0,
17.74,-50,222.62,-106,0,0,
17.76,-50,222.62,-106,0,0,
17.78,-50,222.62,-103,0,0,
17.8,-50,222.62,-99,0,0,
17.82,-50,222.62,-98,0,0,
17.84,-50,222.62,-96,0,0,
17.86,-50,222.62,-90,0,0,
17.88,-50,222.62,-91,0,0,
17.9,-50,222.62,-89,0,0,
17.92,-50,222.62,-86,0,0,
17.94,-50,222.62,-81,0,0,
17.96,-50,222.62,-81,0,0,
17.98,-50,222.62,-76,0,0,
18,-50,222.62,-76,0,0,
18.02,-50,222.62,-74,0,0,
18.04,-50,222.62,-72,0,0,
18.06,-50,222.62,-66,0,0,
18.08,-50,222.62,-66,0,0,
18.1,-50,222.62,-63,0,0,
18.12,-50,222.62,-58,0,0,
18.14,-50,222.62,-56,0,0,
18.16,-50,222.62,-55,0,0,
18.18,-50,222.62,-51,0,0,
18.2,-50,222.62,-49,0,0,
18.22,-50,222.62,-49,0,0,
18.24,-50,222.62,-46,0,0,
18.26,-50,222.61,-46,0,0,
18.28,-50,222.61,-43,0,0,
18.3,-50,222.57,-41,0,0,
18.32,-50,222.53,-40,0,0,
18.34,-50,222.45,-39,0,0,
18.36,-50,222.24,-39,0,0,
18.38,-50,222.1,-37,0,0,
18.4,-50,221.93,-37,0,0,
18.42,-50,221.41,-37,0,0,
18.44,-50,221.14,-38,0,0,
18.46,-50,220.83,-38,0,0,
18.48,-50,220.02,-39,0,0,
18.5,-50,219.63,-39,0,0,
18.52,-50,219.23,-36,0,0,
18.54,-50,218.4,-38,0,0,
18.56,-50,217.83,-38,0,0,
18.58,-50,217.41,-39,0,0,
18.6,-50,216.59,-38,0,0,
18.62,-50,216.19,-38,0,0,
18.64,-50,215.66,-36,0,0,
18.66,-50,214.88,-38,0,0,
18.68,-50,214.5,-36,0,0,
18.7,-50,214.12,-37,0,0,
18.72,-50,213.23,-36,0,0,
18.74,-50,212.85,-36,0,0,
18.76,-50,212.47,-37,0,0,
18.78,-50,211.56,-35,0,0,
18.8,-50,211.16,-36,0,0,
18.82,-50,210.76,-36,0,0,
18.84,-50,209.93,-35,0,0,
18.86,-50,209.36,-36,0,0,
18.88,-50,208.94,-36,0,0,
18.9,-50,208.07,-33,0,0,
18.92,-50,207.64,-35,0,0,
18.94,-50,207.05,-31,0,0,
18.96,-50,206.17,-31,0,0,
18.98,-50,205.72,-33,0,0,
19,-50,205.27,-32,0,0,
19.02,-50,204.18,-33,0,0,
19.04,-50,203.7,-30,0,0,
19.06,-50,203.21,-27,0,0,
19.08,-50,201.99,-26,0,0,
19.1,-50,201.45,-28,0,0,
19.12,-50,200.89,-26,0,0,
19.14,-50,199.73,-27,0,0,
19.16,-50,198.94,-24,0,0,
19.18,-50,198.32,-24,0,0,
19.2,-50,197.02,-24,0,0,
19.22,-50,196.34,-21,0,0,
19.24,-50,195.4,-23,0,0,
19.26,-50,193.92,-22,0,0,
19.28,-50,193.15,-24,0,0,
19.3,-50,192.37,-21,0,0,
19.32,-50,190.49,-23,0,0,
19.34,-50,189.66,-21,0,0,
19.36,-50,188.82,-20,0,0,
19.38,-50,186.8,-22,0,0,
19.4,-50,185.93,-20,0,0,
19.42,-50,185.05,-19,0,0,
19.44,-50,183.28,-18,0,0,
19.46,-50,182.09,-19,0,0,
19.48,-50,181.2,-17,0,0,
19.5,-50,179.38,-15,0,0,
19.52,-50,178.46,-15,0,0,
19.54,-50,177.22,-14,0,0,
19.56,-50,175.32,-14,0,0,
19.58,-50,174.34,-13,0,0,
19.6,-50,173.35,-13,0,0,
19.62,-50,170.98,-11,0,0,
19.64,-50,169.92,-11,0,0,
19.66,-50,168.85,-8,0,0,
19.68,-50,166.27,-10,0,0,
19.7,-50,165.14,-10,0,0,
19.72,-50,163.99,-7,0,0,
19.74,-50,161.64,-6,0,0,
19.76,-50,160.03,-8,0,0,
19.78,-50,158.81,-7,0,0,
19.8,-50,156.31,-5,0,0,
19.82,-50,155.03,-6,0,0,
19.84,-50,153.3,-5,0,0,
19.86,-50,150.67,-4,0,0,
19.88,-50,149.34,-5,0,0,
19.9,-50,147.99,-5,0,0,
19.92,-50,144.81,-4,0,0,
19.94,-50,143.44,-5,0,0,
19.96,-50,142.05,-5,0,0,
19.98,-50,138.79,-7,0,0,
20,-50,137.38,-5,0,0,
20.02,-50,135.97,-8,0,0,
20.04,-50,133.13,-7,0,0,
20.06,-50,131.24,-8,0,0,
20.08,-50,129.82,-11,0,0,
20.1,-50,127.01,-12,0,0,
20.12,-50,125.62,-14,0,0,
20.14,-50,123.79,-15,0,0,
20.16,-50,121.09,-17,0,0,
20.18,-50,119.76,-19,0,0,
20.2,-50,118.46,-21,0,0,
20.22,-50,115.53,-24,0,0,
20.24,-50,114.33,-27,0,0,
20.26,-50,113.16,-27,0,0,
20.28,-50,110.59,-31,0,0,
20.3,-50,109.56,-31,0,0,
20.32,-50,108.57,-33,0,0,
20.34,-50,106.73,-34,0,0,
20.36,-50,105.61,-34,0,0,
20.38,-50,104.83,-36,0,0,
20.4,-50,103.41,-37,0,0,
20.42,-50,102.77,-38,0,0,
20.44,-50,101.98,-35,0,0,
20.46,-50,100.91,-36,0,0,
20.48,-50,100.43,-35,0,0,
20.5,-50,99.964,-37,0,0,
20.52,-50,98.961,-34,0,0,
20.54,-50,98.554,-33,0,0,
20.56,-50,98.156,-34,0,0,
20.58,-50,97.236,-33,0,0,
20.6,-50,96.835,-34,0,0,
20.62,-50,96.427,-32,0,0,
20.64,-50,95.575,-32,0,0,
20.66,-50,94.978,-32,0,0,
20.68,-50,94.513,-33,0,0,
20.7,-50,93.539,-35,0,0,
20.72,-50,93.031,-36,0,0,
20.74,-50,92.336,-39,0,0,
20.76,-50,91.262,-38,0,0,
20.78,-50,90.718,-39,0,0,
20.8,-50,90.175,-42,0,0,
20.82,-50,88.939,-41,0,0,
20.84,-50,88.438,-40,0,0,
20.86,-50,87.962,-43,0,0,
20.88,-50,86.971,-41,0,0,
20.9,-50,86.599,-43,0,0,
20.92,-50,86.257,-43,0,0,
20.94,-50,85.649,-42,0,0,
20.96,-50,85.288,-42,0,0,
20.98,-50,85.034,-45,0,0,
21,-50,84.555,-43,0,0,
21.02,-50,84.327,-45,0,0,
21.04,-50,84.03,-45,0,0,
21.06,-50,83.597,-46,0,0,
21.08,-50,83.387,-45,0,0,
21.1,-50,83.181,-48,0,0,
21.12,-50,82.724,-46,0,0,
21.14,-50,82.542,-47,0,0,
21.16,-50,82.369,-44,0,0,
21.18,-50,82.007,-45,0,0,
21.2,-50,81.871,-46,0,0,
21.22,-50,81.745,-49,0,0,
21.24,-50,81.518,-46,0,0,
21.26,-50,81.374,-48,0,0,
21.28,-50,81.266,-47,0,0,
21.3,-50,81.043,-50,0,0,
21.32,-50,80.928,-50,0,0,
21.34,-50,80.667,-49,0,0,
21.36,-50,80.565,-47,0,0,
21.38,-50,80.39,-50,0,0,
21.4,-50,80.297,-47,0,0,
21.42,-50,80.24,-43,0,0,
21.44,-50,80.154,-49,0,0,
21.46,-50,80.122,-48,0,0,
21.48,-50,80.084,-47,0,0,
21.5,-50,80.012,-48,0,0,
21.52,-50,79.962,-49,0,0,
21.54,-50,79.797,-51,0,0,
21.56,-50,79.707,-50,0,0,
21.58,-50,79.513,-51,0,0,
21.6,-50,79.419,-53,0,0,
21.62,-50,79.233,-55,0,0,
21.64,-50,79.174,-54,0,0,
21.66,-50,79.105,-55,0,0,
21.68,-50,79.097,-52,0,0,
21.7,-50,79.15,-57,0,0,
21.72,-50,79.207,-54,0,0,
21.74,-50,79.416,-53,0,0,
21.76,-50,79.534,-51,0,0,
21.78,-50,79.805,-50,0,0,
21.8,-50,79.952,-47,0,0,
21.82,-50,80.151,-46,0,0,
21.84,-50,80.442,-45,0,0,
21.86,-50,80.575,-43,0,0,
21.88,-50,80.692,-41,0,0,
21.9,-50,80.872,-47,0,0,
21.92,-50,80.883,-111,0,0,
21.94,-50,80.691,-255,0,0,
21.96,-50,80.264,-255,0,0,
21.98,-50,81.073,-255,0,0,
22,-50,86.434,-255,0,0,
22.02,-50,100.81,-255,0,0,
22.04,-50,122.45,-255,0,0,
22.06,-50,152.22,-255,0,0,
22.08,-50,179.89,-254,0,0,
22.1,-50,195.93,-254,0,0,
22.12,-50,210.96,-254,0,0,
22.14,-50,224.43,-254,0,0,
22.16,-50,234.79,-254,0,0,
22.18,-50,243.49,-254,0,0,
22.2,-50,251.24,-254,0,0,
22.22,-50,252.88,-254,0,0,
22.24,-50,252.9,-254,0,0,
22.26,-50,252.9,-254,0,0,
22.28,-50,252.9,-255,0,0,
22.3,-50,252.9,-174,0,0,
22.32,-50,252.9,-171,0,0,
22.34,-50,252.9,-144,0,0,
22.36,-50,252.9,-53,0,0,
22.38,-50,252.9,-58,0,0,
22.4,-50,252.9,-59,0,0,
22.42,-50,252.9,-60,0,0,
22.44,-50,252.89,-59,0,0,
22.46,-50,252.78,-56,0,0,
22.48,-50,252.66,-53,0,0,
22.5,-50,252.19,-50,0,0,
22.52,-50,251.7,-48,0,0,
22.54,-50,251.25,-43,0,0,
22.56,-50,250.24,-43,0,0,
22.58,-50,249.74,-39,0,0,
22.6,-50,249.11,-38,0,0,
22.62,-50,248.28,-39,0,0,
22.64,-50,247.91,-38,0,0,
22.66,-50,247.56,-36,0,0,
22.68,-50,246.74,-37,0,0,
22.7,-50,246.37,-37,0,0,
22.72,-50,245.97,-35,0,0,
22.74,-50,244.98,-37,0,0,
22.76,-50,244.53,-34,0,0,
22.78,-50,244.07,-34,0,0,
22.8,-50,243.13,-34,0,0,
22.82,-50,242.5,-33,0,0,
22.84,-50,242.03,-32,0,0,
22.86,-50,241.08,-30,0,0,
22.88,-50,240.59,-29,0,0,
22.9,-50,239.94,-27,0,0,
22.92,-50,238.94,-28,0,0,
22.94,-50,238.42,-27,0,0,
22.96,-50,237.89,-26,0,0,
22.98,-50,236.57,-26,0,0,
23,-50,235.97,-23,0,0,
23.02,-50,235.34,-24,0,0,
23.04,-50,233.78,-25,0,0,
23.06,-50,233.08,-24,0,0,
23.08,-50,232.35,-24,0,0,
23.1,-50,230.85,-22,0,0,
23.12,-50,229.81,-24,0,0,
23.14,-50,229.02,-25,0,0,
23.16,-50,227.4,-26,0,0,
23.18,-50,226.58,-26,0,0,
23.2,-50,225.47,-25,0,0,
23.22,-50,223.81,-25,0,0,
23.24,-50,222.98,-26,0,0,
23.26,-50,222.16,-29,0,0,
23.28,-50,220.26,-29,0,0,
23.3,-50,219.47,-27,0,0,
23.32,-50,218.68,-28,0,0,
23.34,-50,217.15,-32,0,0,
23.36,-50,216.15,-31,0,0,
23.38,-50,215.42,-35,0,0,
23.4,-50,213.99,-35,0,0,
23.42,-50,213.3,-32,0,0,
23.44,-50,212.4,-35,0,0,
23.46,-50,211.1,-38,0,0,
23.48,-50,210.49,-36,0,0,
23.5,-50,209.9,-36,0,0,
23.52,-50,208.61,-35,0,0,
23.54,-50,208.11,-34,0,0,
23.56,-50,207.62,-34,0,0,
23.58,-50,206.54,-34,0,0,
23.6,-50,206.1,-37,0,0,
23.62,-50,205.67,-35,0,0,
23.64,-50,204.82,-35,0,0,
23.66,-50,204.24,-36,0,0,
23.68,-50,203.79,-35,0,0,
23.7,-50,202.89,-36,0,0,
23.72,-50,202.42,-37,0,0,
23.74,-50,201.8,-37,0,0,
23.76,-50,200.87,-37,0,0,
23.78,-50,200.41,-37,0,0,
23.8,-50,199.95,-40,0,0,
23.82,-50,198.91,-40,0,0,
23.84,-50,198.47,-39,0,0,
23.86,-50,198.04,-38,0,0,
23.88,-50,197.08,-38,0,0,
23.9,-50,196.69,-36,0,0,
23.92,-50,196.3,-36,0,0,
23.94,-50,195.58,-34,0,0,
23.96,-50,195.11,-35,0,0,
23.98,-50,194.77,-32,0,0,
24,-50,194.07,-32,0,0,
24.02,-50,193.71,-31,0,0,
24.04,-50,193.2,-29,0,0,
24.06,-50,192.37,-27,0,0,
24.08,-50,191.92,-24,0,0,
24.1,-50,191.44,-22,0,0,
24.12,-50,190.23,-20,0,0,
24.14,-50,189.67,-24,0,0,
24.16,-50,189.07,-22,0,0,
24.18,-50,187.56,-21,0,0,
24.2,-50,186.85,-17,0,0,
24.22,-50,186.1,-16,0,0,
24.24,-50,184.49,-16,0,0,
24.26,-50,183.34,-15,0,0,
24.28,-50,182.45,-14,0,0,
24.3,-50,180.6,-14,0,0,
24.32,-50,179.64,-13,0,0,
24.34,-50,178.34,-13,0,0,
24.36,-50,176.3,-13,0,0,
24.38,-50,175.24,-14,0,0,
24.4,-50,174.15,-13,0,0,
24.42,-50,171.54,-11,0,0,
24.44,-50,170.4,-12,0,0,
24.46,-50,169.24,-15,0,0,
24.48,-50,166.53,-13,0,0,
24.5,-50,165.36,-12,0,0,
24.52,-50,164.19,-15,0,0,
24.54,-50,161.85,-13,0,0,
24.56,-50,160.29,-15,0,0,
24.58,-50,159.13,-16,0,0,
24.6,-50,156.81,-16,0,0,
24.62,-50,155.66,-15,0,0,
24.64,-50,154.13,-16,0,0,
24.66,-50,151.87,-16,0,0,
24.68,-50,150.75,-17,0,0,
24.7,-50,149.64,-17,0,0,
24.72,-50,147.09,-16,0,0,
24.74,-50,146.01,-15,0,0,
24.76,-50,144.95,-17,0,0,
24.78,-50,142.48,-15,0,0,
24.8,-50,141.43,-16,0,0,
24.82,-50,140.39,-13,0,0,
24.84,-50,138.31,-11,0,0,
24.86,-50,136.92,-10,0,0,
24.88,-50,135.88,-10,0,0,
24.9,-50,133.78,-8,0,0,
24.92,-50,132.71,-7,0,0,
24.94,-50,131.27,-4,0,0,
24.96,-50,129.03,-5,0,0,
24.98,-50,127.87,-7,0,0,
25,-50,126.69,-6,0,0,
25.02,-50,123.79,-6,0,0,
25.04,-50,122.5,-8,0,0,
25.06,-50,121.18,-8,0,0,
25.08,-50,117.99,-10,0,0,
25.1,-50,116.6,-13,0,0,
25.12,-50,115.21,-14,0,0,
25.14,-50,112.42,-17,0,0,
25.16,-50,110.58,-20,0,0,
25.18,-50,109.22,-22,0,0,
25.2,-50,106.58,-24,0,0,
25.22,-50,105.3,-28,0,0,
25.24,-50,103.66,-29,0,0,
25.26,-50,101.37,-31,0,0,
25.28,-50,100.3,-33,0,0,
25.3,-50,99.283,-35,0,0,
25.32,-50,97.153,-36,0,0,
25.34,-50,96.339,-36,0,0,
25.36,-50,95.583,-36,0,0,
25.38,-50,94.032,-38,0,0,
25.4,-50,93.451,-38,0,0,
25.42,-50,92.913,-38,0,0,
25.44,-50,91.951,-40,0,0,
25.46,-50,91.375,-40,0,0,
25.48,-50,90.968,-40,0,0,
25.5,-50,90.203,-42,0,0,
25.52,-50,89.839,-43,0,0,
25.54,-50,89.369,-42,0,0,
25.56,-50,88.696,-43,0,0,
25.58,-50,88.376,-44,0,0,
25.6,-50,88.068,-46,0,0,
25.62,-50,87.401,-43,0,0,
25.64,-50,87.139,-44,0,0,
25.66,-50,86.89,-44,0,0,
25.68,-50,86.369,-43,0,0,
25.7,-50,86.168,-44,0,0,
25.72,-50,85.98,-44,0,0,
25.74,-50,85.633,-44,0,0,
25.76,-50,85.413,-46,0,0,
25.78,-50,85.249,-47,0,0,
25.8,-50,84.913,-47,0,0,
25.82,-50,84.739,-46,0,0,
25.84,-50,84.502,-45,0,0,
25.86,-50,84.15,-47,0,0,
25.88,-50,83.983,-47,0,0,
25.9,-50,83.826,-49,0,0,
25.92,-50,83.501,-51,0,0,
25.94,-50,83.378,-50,0,0,
25.96,-50,83.156,-49,0,0,
25.98,-50,83.022,-49,0,0,
26,-50,82.849,-50,0,0,
26.02,-50,82.781,-52,0,0,
26.04,-50,82.679,-49,0,0,
26.06,-50,82.659,-49,0,0,
26.08,-50,82.652,-50,0,0,
26.1,-50,82.659,-51,0,0,
26.12,-50,82.686,-51,0,0,
26.14,-50,82.7,-50,0,0,
26.16,-50,82.714,-50,0,0,
26.18,-50,82.745,-51,0,0,
26.2,-50,82.756,-50,0,0,
26.22,-50,82.778,-51,0,0,
26.24,-50,82.788,-49,0,0,
26.26,-50,82.818,-47,0,0,
26.28,-50,82.832,-52,0,0,
26.3,-50,82.86,-48,0,0,
26.32,-50,82.875,-46,0,0,
26.34,-50,82.883,-46,0,0,
26.36,-50,82.887,-46,0,0,
26.38,-50,82.881,-45,0,0,
26.4,-50,82.864,-44,0,0,
26.42,-50,82.807,-44,0,0,
26.44,-50,82.761,-42,0,0,
26.46,-50,82.7,-42,0,0,
26.48,-50,82.483,-42,0,0,
26.5,-50,82.358,-41,0,0,
26.52,-50,82.213,-43,0,0,
26.54,-50,81.801,-43,0,0,
26.56,-50,81.596,-41,0,0,
26.58,-50,81.376,-42,0,0,
26.6,-50,80.897,-42,0,0,
26.62,-50,80.557,-45,0,0,
26.64,-50,80.295,-44,0,0,
26.66,-50,79.768,-44,0,0,
26.68,-50,79.506,-42,0,0,
26.7,-50,79.162,-44,0,0,
26.72,-50,78.665,-47,0,0,
26.74,-50,78.427,-46,0,0,
26.76,-50,78.197,-48,0,0,
26.78,-50,77.695,-49,0,0,
26.8,-50,77.495,-48,0,0,
26.82,-50,77.122,-52,0,0,
26.84,-50,76.899,-55,0,0,
26.86,-50,76.617,-54,0,0,
26.88,-50,76.506,-57,0,0,
26.9,-50,76.337,-60,0,0,
26.92,-50,76.308,-60,0,0,
26.94,-50,76.337,-60,0,0,
26.96,-50,76.4,-62,0,0,
26.98,-50,76.684,-66,0,0,
27,-50,76.866,-65,0,0,
27.02,-50,77.338,-66,0,0,
27.04,-50,77.726,-69,0,0,
27.06,-50,78.407,-70,0,0,
27.08,-50,78.789,-69,0,0,
27.1,-50,80.756,-254,0,0,
27.12,-50,81.282,-253,0,0,
27.14,-50,84.097,-255,0,0,
27.16,-50,92.494,-255,0,0,
27.18,-50,114.45,-255,0,0,
27.2,-50,142.89,-255,0,0,
27.22,-50,152.86,-253,0,0,
27.24,-50,178.61,-255,0,0,
27.26,-50,183.82,-253,0,0,
27.28,-50,198.51,-254,0,0,
27.3,-50,210.11,-80,0,0,
27.32,-50,213.42,-68,0,0,
27.34,-50,220.77,-71,0,0,
27.36,-50,223.73,-71,0,0,
27.38,-50,229.23,-66,0,0,
27.4,-50,231.77,-62,0,0,
27.42,-50,237.09,-59,0,0,
27.44,-50,239.11,-54,0,0,
27.46,-50,241.03,-45,0,0,
27.48,-50,245.94,-42,0,0,
27.5,-50,247.9,-36,0,0,
27.52,-50,249.33,-34,0,0,
27.54,-50,250.69,-31,0,0,
27.56,-50,250.78,-27,0,0,
27.58,-50,250.58,-27,0,0,
27.6,-50,249.8,-26,0,0,
27.62,-50,249.31,-24,0,0,
27.64,-50,248.58,-24,0,0,
27.66,-50,247.32,-26,0,0,
27.68,-50,246.61,-25,0,0,
27.7,-50,245.86,-26,0,0,
27.72,-50,243.97,-25,0,0,
27.74,-50,243.12,-25,0,0,
27.76,-50,242.25,-25,0,0,
27.78,-50,240.22,-24,0,0,
27.8,-50,239.36,-22,0,0,
27.82,-50,238.51,-22,0,0,
27.84,-50,236.84,-23,0,0,
27.86,-50,235.76,-22,0,0,
27.88,-50,234.95,-20,0,0,
27.9,-50,233.34,-21,0,0,
27.92,-50,232.53,-21,0,0,
27.94,-50,231.42,-21,0,0,
27.96,-50,229.73,-20,0,0,
27.98,-50,228.86,-19,0,0,
28,-50,227.98,-20,0,0,
28.02,-50,225.88,-20,0,0,
28.04,-50,224.97,-19,0,0,
28.06,-50,224.06,-20,0,0,
28.08,-50,221.9,-20,0,0,
28.1,-50,220.96,-19,0,0,
28.12,-50,220.03,-22,0,0,
28.14,-50,218.14,-21,0,0,
28.16,-50,216.87,-22,0,0,
28.18,-50,215.93,-21,0,0,
28.2,-50,214.03,-21,0,0,
28.22,-50,213.09,-21,0,0,
28.24,-50,211.84,-20,0,0,
28.26,-50,209.99,-20,0,0,
28.28,-50,209.08,-20,0,0,
28.3,-50,208.18,-19,0,0,
28.32,-50,206.09,-18,0,0,
28.34,-50,205.19,-18,0,0,
28.36,-50,204.29,-17,0,0,
28.38,-50,202.17,-18,0,0,
28.4,-50,201.24,-19,0,0,
28.42,-50,200.31,-19,0,0,
28.44,-50,198.4,-21,0,0,
28.46,-50,197.1,-20,0,0,
28.48,-50,196.12,-21,0,0,
28.5,-50,194.12,-22,0,0,
28.52,-50,193.12,-23,0,0,
28.54,-50,191.8,-25,0,0,
28.56,-50,189.84,-27,0,0,
28.58,-50,188.88,-28,0,0,
28.6,-50,187.94,-30,0,0,
28.62,-50,185.81,-31,0,0,
28.64,-50,184.93,-33,0,0,
28.66,-50,184.08,-32,0,0,
28.68,-50,182.21,-36,0,0,
28.7,-50,181.46,-36,0,0,
28.72,-50,180.75,-36,0,0,
28.74,-50,179.43,-37,0,0,
28.76,-50,178.63,-38,0,0,
28.78,-50,178.07,-38,0,0,
28.8,-50,177.02,-37,0,0,
28.82,-50,176.54,-36,0,0,
28.84,-50,175.93,-38,0,0,
28.86,-50,175.09,-34,0,0,
28.88,-50,174.7,-33,0,0,
28.9,-50,174.32,-31,0,0,
28.92,-50,173.45,-32,0,0,
28.94,-50,173.08,-28,0,0,
28.96,-50,172.7,-27,0,0,
28.98,-50,171.75,-24,0,0,
29,-50,171.31,-24,0,0,
29.02,-50,170.84,-22,0,0,
29.04,-50,169.79,-23,0,0,
29.06,-50,169,-22,0,0,
29.08,-50,168.37,-22,0,0,
29.1,-50,166.99,-22,0,0,
29.12,-50,166.24,-21,0,0,
29.14,-50,165.19,-23,0,0,
29.16,-50,163.51,-23,0,0,
29.18,-50,162.64,-21,0,0,
29.2,-50,161.75,-23,0,0,
29.22,-50,159.65,-21,0,0,
29.24,-50,158.75,-22,0,0,
29.26,-50,157.85,-23,0,0,
29.28,-50,156.07,-24,0,0,
29.3,-50,154.89,-24,0,0,
29.32,-50,154.01,-25,0,0,
29.34,-50,152.26,-26,0,0,
29.36,-50,151.39,-26,0,0,
29.38,-50,150.24,-25,0,0,
29.4,-50,148.54,-26,0,0,
29.42,-50,147.7,-27,0,0,
29.44,-50,146.88,-24,0,0,
29.46,-50,145.01,-26,0,0,
29.48,-50,144.23,-26,0,0,
29.5,-50,143.47,-26,0,0,
29.52,-50,141.71,-24,0,0,
29.54,-50,140.96,-22,0,0,
29.56,-50,140.21,-24,0,0,
29.58,-50,138.71,-24,0,0,
29.6,-50,137.7,-21,0,0,
29.62,-50,136.95,-20,0,0,
29.64,-50,135.41,-19,0,0,
29.66,-50,134.63,-19,0,0,
29.68,-50,133.57,-19,0,0,
29.7,-50,131.94,-17,0,0,
29.72,-50,131.09,-15,0,0,
29.74,-50,130.23,-15,0,0,
29.76,-50,128.13,-14,0,0,
29.78,-50,127.2,-14,0,0,
29.8,-50,126.24,-12,0,0,
29.82,-50,123.93,-13,0,0,
29.84,-50,122.9,-11,0,0,
29.86,-50,121.86,-12,0,0,
29.88,-50,119.69,-11,0,0,
29.9,-50,118.21,-9,0,0,
29.92,-50,117.07,-9,0,0,
29.94,-50,114.75,-12,0,0,
29.96,-50,113.56,-11,0,0,
29.98,-50,111.97,-13,0,0,
30,-50,109.54,-14,0,0,
30.02,-50,108.31,-14,0,0,
30.04,-50,107.07,-18,0,0,
30.06,-50,104.17,-18,0,0,
30.08,-50,102.93,-20,0,0,
30.1,-50,101.7,-23,0,0,
30.12,-50,98.916,-25,0,0,
30.14,-50,97.765,-23,0,0,
30.16,-50,96.647,-29,0,0,
30.181,-50,94.517,-27,0,0,
30.201,-50,93.184,-26,0,0,
30.221,-50,92.23,-28,0,0,
30.241,-50,90.449,-31,0,0,
30.261,-50,89.618,-31,0,0,
30.281,-50,88.569,-32,0,0,
30.301,-50,87.099,-32,0,0,
30.321,-50,86.403,-32,0,0,
30.341,-50,85.727,-32,0,0,
30.361,-50,84.218,-32,0,0,
30.381,-50,83.6,-33,0,0,
30.401,-50,82.999,-34,0,0,
30.421,-50,81.659,-37,0,0,
30.441,-50,81.108,-37,0,0,
30.461,-50,80.566,-38,0,0,
30.481,-50,79.504,-37,0,0,
30.501,-50,78.81,-38,0,0,
30.521,-50,78.299,-40,0,0,
30.541,-50,77.319,-39,0,0,
30.561,-50,76.855,-40,0,0,
30.581,-50,76.27,-41,0,0,
30.601,-50,75.465,-43,0,0,
30.621,-50,75.091,-42,0,0,
30.641,-50,74.734,-44,0,0,
30.661,-50,73.953,-45,0,0,
30.681,-50,73.64,-43,0,0,
30.701,-50,73.339,-43,0,0,
30.721,-50,72.694,-42,0,0,
30.741,-50,72.444,-49,0,0,
30.761,-50,72.211,-46,0,0,
30.781,-50,71.787,-48,0,0,
30.801,-50,71.53,-47,0,0,
30.821,-50,71.347,-47,0,0,
30.841,-50,71.003,-47,0,0,
30.861,-50,70.843,-46,0,0,
30.881,-50,70.647,-47,0,0,
30.901,-50,70.401,-48,0,0,
30.921,-50,70.299,-47,0,0,
30.941,-50,70.208,-48,0,0,
30.961,-50,70.021,-48,0,0,
30.981,-50,69.944,-47,0,0,
31.001,-50,69.865,-48,0,0,
31.021,-50,69.675,-47,0,0,
31.041,-50,69.593,-47,0,0,
31.061,-50,69.436,-51,0,0,
31.081,-50,69.362,-51,0,0,
31.101,-50,69.196,-47,0,0,
31.121,-50,69.127,-49,0,0,
31.141,-50,68.993,-50,0,0,
31.161,-50,68.913,-49,0,0,
31.181,-50,68.861,-50,0,0,
31.201,-50,68.783,-48,0,0,
31.221,-50,68.758,-49,0,0,
31.241,-50,68.735,-48,0,0,
31.261,-50,68.709,-50,0,0,
31.281,-50,68.696,-49,0,0,
31.301,-50,68.659,-50,0,0,
31.321,-50,68.638,-49,0,0,
31.341,-50,68.614,-50,0,0,
31.361,-50,68.557,-47,0,0,
31.381,-50,68.515,-49,0,0,
31.401,-50,68.452,-50,0,0,
31.421,-50,68.423,-51,0,0,
31.441,-50,68.364,-49,0,0,
31.461,-50,68.34,-50,0,0,
31.481,-50,68.29,-50,0,0,
31.501,-50,68.264,-49,0,0,
31.521,-50,68.21,-48,0,0,
31.541,-50,68.193,-50,0,0,
31.561,-50,68.175,-46,0,0,
31.581,-50,68.169,-50,0,0,
31.601,-50,68.16,-49,0,0,
31.621,-50,68.151,-50,0,0,
31.641,-50,68.106,-50,0,0,
31.661,-50,68.077,-50,0,0,
31.681,-50,68.005,-48,0,0,
31.701,-50,67.966,-54,0,0,
31.721,-50,67.881,-49,0,0,
31.741,-50,67.853,-52,0,0,
31.761,-50,67.817,-49,0,0,
31.781,-50,67.811,-51,0,0,
31.801,-50,67.83,-50,0,0,
31.821,-50,67.851,-51,0,0,
31.841,-50,67.921,-49,0,0,
31.861,-50,67.956,-52,0,0,
31.881,-50,68.023,-52,0,0,
31.901,-50,68.053,-52,0,0,
31.921,-50,68.107,-50,0,0,
31.941,-50,68.128,-50,0,0,
31.961,-50,68.171,-48,0,0,
31.981,-50,68.208,-50,0,0,
32.001,-50,68.277,-51,0,0,
32.021,-50,68.315,-51,0,0,
32.041,-50,68.398,-50,0,0,
32.061,-50,68.423,-49,0,0,
32.081,-50,68.448